alpha,makespan,labor_cost
0.3,223.52554113370138,674028.4903884442
0.3,227.20187137247373,655424.2342164891
0.3,225.8798700464831,662319.981980336
0.3,224.25028137560696,670846.8806573745
0.3,221.92267385635307,683502.867459838
0.3,220.73487719433876,690585.5796170769
0.3,222.40631251505312,681255.301506454
0.3,224.46663543276904,670286.8157866661
0.3,223.53797568262962,673926.6054591183
0.3,222.9593122727018,676194.558904566
0.3,261.3279482940323,572255.6450197641
0.3,261.3804499486187,572172.4461407084
0.3,222.938888438669,676288.2279547378
0.3,230.9575855643358,639241.6976858757
0.3,223.1359399855774,675903.1394699173
0.3,221.16013777126204,688796.8964387267
0.3,239.59325193312145,612467.5726060148
0.3,223.96952708974402,672047.9541500239
0.3,224.69297249229197,669787.3817913325
0.3,223.09017596799234,676146.20558863
0.3,224.29330865855283,670833.3608310926
0.3,227.16982092664546,655486.5819136053
0.3,232.88501744225366,631322.050412299
0.3,221.92124885657967,683530.7566766179
0.3,233.56090400026164,628866.044016243
0.3,224.11031575586682,671021.1508477072
0.3,227.02511425186418,656444.6512015891
0.3,240.14945436205983,610807.641203976
0.3,224.81569282955581,667304.0317715292
0.3,243.16071345642564,603685.0404775531
0.3,241.80372479901973,606953.1913618286
0.3,232.70165581217057,632198.2438322719
0.3,244.78785119892893,600120.478328495
0.3,228.32156999739266,650259.8595142083
0.3,225.29753847684816,665033.745422694
0.3,221.54335615090247,686910.3490615408
0.3,229.5926772771168,645114.930243291
0.3,222.1198092218568,681992.3567029275
0.3,235.46849492382194,623234.6343752162
0.3,221.07103943656526,689078.2429629683
0.3,258.7560872211383,576934.1399454313
0.3,237.84762357946525,617207.0572288511
0.3,226.1471770790018,659616.1746149897
0.3,259.8134406574159,574711.9270631203
0.3,244.80290257900282,600025.2888847601
0.3,268.499498775966,566089.241298515
0.3,221.59485695476764,686824.6360272337
0.3,224.09044115777974,671495.5351652331
0.3,254.6827454961015,581721.514887854
0.3,223.46706090703518,674171.5269320982
0.3,245.67231813397433,597781.6986599956
0.3,239.6314668911483,612408.1849904434
0.3,226.26054163163448,659441.7828481945
0.3,224.18275334910393,670980.7183944313
0.3,231.64073799311865,635798.2854143076
0.3,229.65176377639702,644693.1041393115
0.3,228.39937927025434,650137.3779130165
0.3,251.65468925142542,586418.092033461
0.3,239.51492761234576,612631.9428499686
0.3,235.46785171349885,623270.0618472112
0.3,246.2838531912255,596258.8558446384
0.3,229.60367581496592,644748.3483406836
0.3,231.76361849257526,635797.4159512544
0.3,224.35964333507408,670799.9345476448
0.3,226.96329626800667,656519.5378426902
0.3,238.64480949237372,614645.3900354013
0.3,220.7124143076886,690673.9303222483
0.3,221.05933078619242,689109.271953013
0.3,259.81391652275516,574711.7141118106
0.3,221.36039535116316,688087.4275934594
0.3,238.5600256473742,614697.8398814176
0.3,241.75574621877206,607159.062292414
0.3,221.9690080688164,682262.4472435561
0.3,220.62632124745906,690752.4195982444
0.3,223.50032209114121,674091.7524910618
0.3,225.96697122671708,661448.0499665809
0.3,254.077712793958,582416.4375546956
0.3,231.78958018596168,634883.2491883953
0.3,246.71875964333938,595944.7271828686
0.3,224.25015716006797,670899.3522711156
0.3,241.81413253341853,606945.5845027285
0.3,238.44800993494533,615055.4287259084
0.3,232.98261506570472,631259.1951498752
0.3,221.9606857935851,683053.9375977039
0.3,241.80347410902482,607042.9682937843
0.3,223.99336168377303,671784.3517036609
0.3,252.43253960345473,585118.2849900802
0.3,249.25899935373783,590570.1671155038
0.3,232.87044292678516,631967.3429106851
0.3,231.19038515698878,637426.343653081
0.3,223.41681445707135,674205.8502771199
0.3,233.14328730106,630505.5906772015
0.3,234.1211138667694,626791.1672860037
0.3,242.8614602886555,604129.7729203766
0.3,239.9080252114696,611227.6502768064
0.3,231.7700374692611,635740.5705693708
0.3,246.86679863301276,595820.4686069059
0.3,246.56407982584284,596201.4723762276
0.3,234.650338456036,624949.6616216083
0.3,243.95558155993845,601537.0959005638
0.3,242.92977022703855,603771.2977025625
0.3,228.74192797153586,648547.2678476744
0.3,226.68385164238958,657240.5308304605
0.3,234.87827680925835,624814.8016701326
0.3,243.26568205496673,602276.388901461
0.3,231.1074134075771,638277.5470710361
0.3,227.20840848164158,654773.7996624117
0.3,232.86887856370305,631968.2933254875
0.3,221.37426858850475,686912.318223146
0.3,236.1230671069168,620542.349863
0.3,246.2317716597855,596589.2671468224
0.3,249.08422080484027,591189.264131128
0.3,234.3951575381026,625869.9401915004
0.3,232.05670975558596,634533.5558913341
0.3,233.8093980375827,627765.9090797445
0.3,253.56052444887413,583478.668330761
0.3,223.93616382696425,672177.45794014
0.3,232.6146536811703,632437.7107077073
0.3,251.98728344290006,585856.9624208969
0.3,238.46334895164443,614917.2371103776
0.3,263.4603427652327,568803.8641579375
0.3,241.92321035318068,606560.4684602061
0.3,221.80847575240395,683652.243958368
0.3,254.17006020836797,582255.5899591718
0.3,233.40420175795512,628886.1325499981
0.3,230.77950135100264,639492.9619630892
0.3,227.539978016518,653140.3268784572
0.3,223.61249613907958,672724.9111026137
0.3,245.67696291683365,597739.7580760631
0.3,224.41406011724362,670361.1121061813
0.3,220.78185268307666,690478.8850213194
0.3,228.53393534199864,648573.4283812064
0.3,229.73640303521978,644483.160510747
0.3,261.42007063208615,572103.4109725025
0.3,261.56103512912284,571566.2069641047
0.3,251.24396844381457,586799.1144839259
0.3,227.863619359912,652569.8651530084
0.3,246.05624392782428,597026.2981886857
0.3,243.91083923315682,601923.5627589321
0.3,226.27559921468603,659397.257865536
0.3,229.14853381561232,646764.9028855364
0.3,221.76617423116156,683929.8075261705
0.3,239.68131943084944,612128.7845586918
0.3,222.53073411416054,679632.3775309676
0.3,221.18913773499665,688150.5527964779
0.3,231.5602080859803,636027.8998000764
0.3,247.4533439809559,594513.9466861826
0.3,229.8768310646799,643261.9737971039
0.3,234.42415570712723,625867.07516364
0.3,220.92675953659545,689281.8221921343
0.3,225.13549878232396,665510.3064399145
0.3,258.9113493224992,576459.8861156455
0.3,239.63605635090548,612250.0324987317
0.3,226.70788269474048,656743.5173591464
0.3,242.53718328792414,605037.2046100249
0.3,262.491217772191,570297.4591179922
0.3,267.5731854492781,566214.8314115126
0.3,229.58406114940263,645307.1996628335
0.3,235.91834849975356,621726.3832620978
0.3,232.38019679058024,633026.8975612805
0.3,249.06933180070783,591253.4353143789
0.3,246.1888889786884,596767.8802407526
0.3,262.8221963645926,569487.7066991088
0.3,248.61085398717185,591488.6325758764
0.3,235.5402963660722,622765.5984112879
0.3,241.35091331577829,607621.2196883252
0.3,223.93881335115802,672062.451066972
0.3,234.3281291944098,626459.8138298141
0.3,230.54197203518373,640671.4827929027
0.3,263.3515627844779,569237.30318985
0.3,239.9092431800083,611214.2601916912
0.3,252.36036041598155,585451.7923806157
0.3,242.83756236534205,604287.4168047038
0.3,250.55130093425782,588016.5942738074
0.3,227.03396269030145,655869.4794967357
0.3,222.45492531182643,680441.2306242725
0.3,264.14130740674784,567877.3496040056
0.3,244.9202041956487,599393.4226857492
0.3,244.92757009353292,599013.2841620748
0.3,228.33183133865077,650244.4657345323
0.3,231.0930739576633,638336.1208568771
0.3,247.8625608550869,592967.0195624643
0.3,259.6194056530246,574899.0839581884
0.3,253.08074480202987,584400.847375999
0.3,253.6379188670035,583434.0508740079
0.3,229.84846614419072,643472.2180451236
0.3,259.2713526649864,575905.7103205174
0.3,247.14319883066852,594631.9347448868
0.3,263.384081206631,569218.3641840629
0.3,231.01376969259664,638363.130260034
0.3,234.1172208509664,627567.583100497
0.3,241.86534432687876,606676.8340234177
0.3,265.60421026197986,567248.7668962758
0.3,267.622964303708,566167.4784943361
0.3,236.45707114941757,620310.9243927803
0.3,249.88153996272237,589209.2933533593
0.3,228.33563153301898,650165.4187928886
0.3,221.95517986102368,683159.0963473698
0.3,262.68575957849333,569597.5047698043
0.3,231.01096634326026,639000.8894652056
0.3,222.7423684206407,677655.0303311027
0.3,224.74673255188685,669545.2170197523
0.3,261.99956572515043,571210.1721044426
0.3,267.68700642498436,566091.353909415
0.3,246.1678044500526,596812.8701775401
0.3,250.6058672774916,587991.1036131292
0.3,258.8741311495448,576824.2105024026
0.3,232.94013138481492,631271.7032404232
0.3,226.1362813499112,659709.726611403
0.3,223.37781886847304,674738.7879270781
0.3,244.82132750324328,599895.8979470154
0.3,253.29296500798162,583810.2212925988
0.3,224.8321100329001,666609.4133704869
0.3,255.5083729595515,580414.5509689806
0.3,262.52771911519113,569929.4481952528
0.3,238.4070418920249,615079.4449518868
0.3,235.75363337623023,622321.757944653
0.3,223.92389000681814,672196.438850068
0.3,250.17075513369517,588387.1380022032
0.3,248.42717203759253,591961.9626015209
0.3,236.39434675869833,620375.1372630002
0.3,231.26717350002914,637175.0554893005
0.3,257.36649681924547,578314.0917250721
0.3,231.00967316962937,639063.0299627618
0.3,226.44248769364503,657381.0989742668
0.3,228.12355476475847,652086.409502407
0.3,226.8738094433226,656587.1965690806
0.3,234.38538231961374,625981.7759432724
0.3,237.14680659468925,618217.8841151474
0.3,232.99780747536684,631044.7106830623
0.3,232.080161496846,634187.9324329835
0.3,247.19367979203804,594518.0879033746
0.3,249.62205268917103,589713.8990989219
0.3,254.98563763096217,581259.5463754744
0.3,225.32674353176853,664005.3311611752
0.3,246.61612264379085,596134.7911482059
0.3,260.39482524480223,573454.2563155454
0.3,259.23505213664305,576263.9153953578
0.3,228.9876954134678,646884.8936460093
0.3,230.01696478375362,643178.727930743
0.3,239.95857718955628,610992.0288473319
0.3,248.73422866788167,591485.5627820706
0.3,242.85474186189293,604149.3631546181
0.3,233.15950695940435,630232.5971124071
0.3,257.4098756513807,578008.0269301235
0.3,241.4572140343282,607611.4186247588
0.3,222.88100015996173,676672.7587917224
0.3,262.8577599521789,569275.148552319
0.3,231.30753396370926,637081.855489131
0.3,253.1580936551001,584116.6472729169
0.3,240.8124781185,609005.8069939576
0.3,254.7488988864526,581413.9235825203
0.3,244.85435082731348,599519.8387907712
0.3,242.54518390555737,604338.43459608
0.3,253.65990768620063,583400.8133645897
0.3,222.59675896937662,679622.0266620731
0.3,223.60106194347208,673668.9870258877
0.3,238.65026822648673,614568.2783093142
0.3,225.96883265671426,660320.7447475964
0.3,232.50259390831775,632574.9450095374
0.3,231.35186885220443,637010.6041756732
0.3,253.7884461564155,582464.8844118356
0.3,240.2015209653658,610420.0742681233
0.3,253.6081500875873,583463.5846546539
0.3,238.7823315131665,613567.6340495854
0.3,233.62138697392612,628314.6615214522
0.3,263.44413417034184,568914.358538307
0.3,240.48423697094847,609590.1743283242
0.3,224.48048915951193,669789.0469373218
0.3,249.34398677590286,590522.3284764171
0.3,228.3268054904276,650249.5441381423
0.3,252.2460101851146,585725.1250822356
0.3,233.32491313317533,629253.1720495191
0.3,240.94422425546125,608992.9295416538
0.3,254.989716366161,581044.2534694895
0.3,238.30481048760288,615157.5952630206
0.3,231.5571354493503,636570.3449813806
0.3,250.93429602712897,587427.6525891623
0.3,252.33909306811483,585670.9193165309
0.3,255.03849871677554,580732.907291492
0.3,238.81511860374994,613326.5315048902
0.3,263.66153135191536,568454.9894208189
0.3,254.86271850814995,581381.8462258903
0.3,243.85624947485329,602033.2558092126
0.3,261.92009637180814,571247.356725198
0.3,247.8125783811334,593079.308554692
0.3,257.2340953741873,578435.2639586887
0.3,259.9538595946046,574300.9794666767
0.3,235.8936003300759,621746.4366809274
0.3,258.9207511690487,576458.1319009773
0.3,265.9418857914637,566378.2544680565
0.3,262.51474202794384,569931.1524043824
0.3,244.91326325869025,599466.1253924286
0.3,258.2233325313805,577168.0935950647
0.3,234.02588007160796,627694.3607068494
0.3,232.1636136631303,633558.8667191197
0.3,238.7401330106585,613876.002794249
0.3,220.62574702153142,690944.2721446519
0.3,269.1954947511772,564286.4095240862
0.3,229.70292128034532,644526.3501148578
0.3,236.75144117366997,619249.471389813
0.3,237.11200422064508,618383.6979334969
0.3,245.98597829855186,597032.5168746484
0.3,224.74895919312735,667406.358152228
0.3,255.75764509449567,579454.1322017047
0.3,231.9822786248575,634669.2971780573
0.3,240.0124740785965,610977.5734920662
0.3,239.25975274400471,613314.3995778137
0.3,245.28848546024722,597855.8658779585
0.3,263.4693428847014,568793.518981736
0.3,233.98227509825537,627747.9044090107
0.3,232.71428711228387,632103.602537228
0.3,235.70008273398585,622671.2120184018
0.3,237.33689200553337,617243.6531169169
0.3,239.3493438702627,612794.5132048327
0.3,259.79538270445596,574871.4045386587
0.3,240.31870710593066,610301.5665782107
0.3,232.8780869104114,631519.7173005182
0.3,236.18608826964225,620536.3285480354
0.3,253.35963519237697,583580.019831124
0.3,252.57313310985268,585113.1030976477
0.3,228.8133849653975,648176.8343373004
0.3,222.1329855520552,681427.8646322334
0.3,255.5058590156627,580587.6034722973
0.3,254.46500464836834,582080.9454705507
0.3,241.07432385831262,607784.891819096
0.3,222.51306597602994,680278.7497666504
0.3,235.7953031347317,622161.6186596423
0.3,234.45873185215484,625393.6766631599
0.3,230.21394464820895,640797.1733932048
0.3,220.81334386398427,689386.9770654633
0.3,243.90983635777974,601941.4580365429
0.3,253.63775525224054,583449.89293672
0.3,251.973071740044,586099.4500660987
0.3,230.81895691160233,639409.2443611473
0.3,231.1338891194219,638230.6671919993
0.3,235.98554401110138,621348.6921829163
0.3,247.73344075551697,593270.423395174
0.3,246.14229938850585,596915.5576394659
0.3,240.99684331956152,608450.0439475767
0.3,250.80502915675598,587794.3921118783
0.3,251.0238238782937,587039.9266325721
0.3,222.24937395769015,681403.0145982148
0.3,235.48395017879764,622822.0420848363
0.3,241.76558139795537,607052.9736745518
0.3,261.23841176891597,572315.8140569939
0.3,233.05135327338937,630561.5323122699
0.3,240.35742110980956,609875.5019892657
0.3,247.04506569033845,594914.7644438301
0.3,252.05386524523075,585809.3207364485
0.3,237.86821700024024,617196.2454235149
0.3,246.64828896838404,596017.4272893395
0.3,241.73172630888683,607277.6279931236
0.3,262.4794971053637,570329.9540303566
0.3,228.16380733878836,650636.8073814432
0.3,247.5462363839531,593800.2878250696
0.3,269.1727127521222,564300.6418211926
0.3,234.89677475605689,624599.7999755305
0.3,258.200786965445,577994.7081644749
0.3,221.18111884021494,688306.5583826693
0.3,246.91237394538678,595303.2879668513
0.3,221.65713310517853,686425.2676531181
0.3,259.39543492827244,575415.4012191426
0.3,252.8074849095046,585076.0851459019
0.3,233.6390973552487,628018.082117952
0.3,234.93133781682897,623936.7642161762
0.3,235.9985450710286,621181.6366929071
0.3,224.093310644794,671345.8515014083
0.3,250.01005968775655,588587.7880184185
0.3,238.72358647709453,614467.0319541978
0.3,240.50799288297927,609349.8646596015
0.3,236.8480392794703,618457.73741271
0.3,227.44320997139067,654424.8889455722
0.3,237.94432269792918,616055.4728823742
0.3,235.28000186279837,623555.7213393482
0.3,259.4743275939121,575135.9961501972
0.3,261.7094444936861,571403.71231412
0.3,229.22361255727705,645441.3424382213
0.3,228.94049899567915,648106.4040688872
0.3,243.93151480900167,601913.5750413588
0.3,239.34726237359467,613074.138012476
0.3,263.8937872672689,567988.163413993
0.3,249.73291326667896,589274.828681014
0.3,234.48979545557168,625297.3012205623
0.3,238.21064725988873,615328.3794395464
0.3,237.12035861020524,618222.8945579937
0.3,239.54718015237023,612469.9583164502
0.3,244.1234376274729,600135.2569958655
0.3,225.6626331854092,662862.9600756409
0.3,236.1220396721169,620695.7969492001
0.3,262.6792986690506,569797.9564730077
0.3,252.98368022135915,584695.7123731237
0.3,227.16364609619603,655563.3236400599
0.3,245.24515641416346,598182.6407257867
0.3,258.7353018052483,577092.3470263937
0.3,230.59488316990607,639732.1246257827
0.3,268.8448405720202,564651.2350323566
0.3,230.94745316865098,639251.4206982556
0.3,247.64837936008203,593514.2810724084
0.3,226.33512866365058,657521.8427365223
0.3,242.05016171998335,605288.0063266249
0.3,221.7747106557802,683923.8245922248
0.3,244.0926466482776,601403.2373870787
0.3,232.1606852343917,634078.5607186457
0.3,262.0779299771619,571089.9598326166
0.3,233.1569161757353,630410.1913490724
0.3,263.349684114913,569249.1024625959
0.3,248.4399654663069,591721.7110826493
0.3,227.0562485082671,655671.2885333564
0.3,230.49509463875515,640753.2672000811
0.3,254.4947349965381,581724.102923556
0.3,225.88294264036628,661619.3511892954
0.3,241.50157252795285,607284.731831766
0.3,260.8921446882425,572691.3618052164
0.3,237.2233319758203,618141.1890921614
0.3,248.01573415384965,592568.0316064508
0.3,249.35295519144853,590069.1298655502
0.3,224.90241043741466,665877.3005989065
0.3,223.23925244143086,675661.1751554247
0.3,259.80195764140376,574824.6541723439
0.3,256.40874969664685,578808.1228907058
0.3,232.3833500645751,632656.7459903707
0.3,263.4261554133682,568924.3541741786
0.3,260.40825463181125,573030.6254992753
0.3,264.32195562112656,567623.6073967423
0.3,269.30873033245877,564207.0186819376
0.3,230.60606994061743,639515.5104035134
0.3,228.15136474307306,650739.4528088011
0.3,232.8846389950998,631500.9327913783
0.3,262.1751391941706,570448.9858778232
0.3,246.7195868691027,595846.0406111659
0.3,230.05407926831407,642460.7606679464
0.3,255.5362480132236,579754.1002856547
0.3,237.25710392775636,617940.8263830048
0.3,231.51715723013066,636930.662165646
0.3,251.2341599699051,586799.7598736694
0.3,228.4328449910656,650053.1736853222
0.3,268.51303583581125,565141.657855268
0.3,235.74003689330067,622621.3676119124
0.3,238.136025571487,615744.2496094488
0.3,232.2139358196261,633284.8144740444
0.3,236.55768780361643,619567.6294526707
0.3,265.5377466178476,567547.5693187024
0.3,256.51543725516484,578628.3384569313
0.3,232.0173513363408,634629.7731507549
0.3,239.76494179200998,611427.3616321563
0.3,225.41243855280888,663187.0389319004
0.3,239.65643041927757,612171.340445929
0.3,245.71315270496567,597094.1096268229
0.3,227.43801942325675,654562.2987073928
0.3,221.64903309611967,686431.0290348534
0.3,223.3084679656704,674947.5015761319
0.3,229.86501808016413,643353.1797591982
0.3,230.09183912889355,642401.8869084974
0.6,275.85995422849595,535934.9241495745
0.6,187.12521848102966,643927.3481883266
0.6,188.40537200348788,634952.8867928775
0.6,188.1030347579488,636599.8008397339
0.6,187.29024158530777,641315.4734166499
0.6,190.99564691601947,627380.086973994
0.6,188.03507004327412,637176.9796730765
0.6,195.66287040287315,612861.2640893504
0.6,195.388517284841,614145.3171136221
0.6,198.93927610435557,605621.1116568779
0.6,204.01718103503373,597339.0353150712
0.6,207.27723446208228,592752.5627004439
0.6,187.29947925834236,639236.0342857853
0.6,271.0772607778715,537323.9584163546
0.6,190.9540032561728,629299.4673344506
0.6,249.78625227431397,547356.0168051457
0.6,274.61156482195145,536329.2113478337
0.6,206.6494954145045,594099.398088302
0.6,204.32810594598442,596802.6554297386
0.6,195.90994943870163,612485.9007894082
0.6,270.4665944103185,537567.099141686
0.6,199.8689606605079,605599.7411522026
0.6,208.35624943122,592426.1580238281
0.6,265.15601768618563,539895.8599903204
0.6,187.96797675566265,638765.1512034093
0.6,244.7903319067165,550996.0183168481
0.6,189.31754952960432,632003.8595140914
0.6,192.72803193711735,621457.635496675
0.6,207.14663643215508,593066.1939515513
0.6,250.7881343814377,547211.9506339541
0.6,192.3042341749362,622929.0709677325
0.6,202.4618241969062,599835.5202183779
0.6,188.90051787086878,633009.1504524942
0.6,215.05677014031423,582376.4597204927
0.6,188.76099328688096,633902.334681307
0.6,204.6605468517694,596180.5036905596
0.6,200.09211207314598,604208.6752644228
0.6,220.89342343962034,575001.4542821104
0.6,273.76938343723333,536551.637567929
0.6,196.23351117066773,611643.3756169137
0.6,221.25655163314084,574362.5674507282
0.6,190.3468361871512,629674.1316743905
0.6,200.43340224962577,603524.2687551405
0.6,202.06735426205807,600700.9691325844
0.6,187.26917956834887,641769.3129877306
0.6,271.98087814440333,537320.1691461207
0.6,187.16099687111907,643050.5572674874
0.6,264.462420201535,540186.2161284725
0.6,269.07899308829906,538116.5198633561
0.6,196.60138140407454,611042.1290246423
0.6,208.58008997061359,591547.5225632802
0.6,218.90712534892515,577617.3638761776
0.6,201.73469813925823,601585.5084983972
0.6,251.28520987589567,546493.4314776761
0.6,205.04704813704618,596138.8068792564
0.6,193.96833308281322,618498.0060231308
0.6,227.94940959856342,566812.214034744
0.6,198.8300347954121,606539.3747794094
0.6,194.87795144637502,615686.5144298834
0.6,244.41887955763872,551423.0508060782
0.6,205.762269990287,594450.8507721152
0.6,191.09731806544966,627019.4897937012
0.6,218.2905171416433,578341.7102576096
0.6,215.33561276439954,582008.2311954752
0.6,247.25984737798075,549204.0972935208
0.6,196.71721283210053,610604.0040880346
0.6,230.91695447395963,563740.2309759716
0.6,203.81659699126564,598301.6070713063
0.6,199.99742458603208,605088.1555662325
0.6,205.56757409414473,595236.9012121449
0.6,192.50774570892716,622364.7895817913
0.6,197.25711922059608,610575.5306445325
0.6,197.90419755071193,608897.9368221755
0.6,187.57726668008974,639033.9556358901
0.6,263.19029620676747,540831.9408442636
0.6,211.30889533759387,587498.6581221318
0.6,219.48911362501627,577333.9086201659
0.6,249.5822960875423,547721.9730300753
0.6,269.82741522275114,537940.7525723248
0.6,211.62406983794372,586835.296876925
0.6,245.69151129779965,550249.2622479404
0.6,202.19859499502235,600253.4156688054
0.6,194.75229670003836,616175.3894930293
0.6,192.0646528205387,624599.8787333538
0.6,258.19913091318193,543136.2953071911
0.6,194.3870255877899,616791.329195126
0.6,192.2278888787451,623712.835457559
0.6,209.6246710813882,590492.0652363102
0.6,265.49904653606603,539665.4210721658
0.6,209.77461147634054,589695.8776407486
0.6,211.10650116900982,588155.1302711974
0.6,202.8109561752541,599410.599446564
0.6,195.03256410726686,615073.8530648048
0.6,255.0890666766532,544643.1015755679
0.6,190.20844460831754,630533.8317470045
0.6,210.75095849844303,588568.3326915634
0.6,198.7770103951458,607161.0634475071
0.6,217.29231904556872,579418.9007251498
0.6,192.14715778152882,623888.637120763
0.6,247.86427532655657,548892.3058656065
0.6,193.65965363205848,619440.153801264
0.6,205.93823089746067,594385.7783563018
0.6,191.80693664750783,624635.5038875327
0.6,222.327463854285,573048.6882437598
0.6,233.1210968683529,561452.042154847
0.6,251.80677252356176,546312.4812620396
0.6,246.1184412450201,550024.9224674231
0.6,245.29288431086448,550790.6381932828
0.6,196.2689319799238,611441.4564305246
0.6,269.94202422288026,537843.4540267652
0.6,234.92010258671394,560215.4234648788
0.6,245.4459332522421,550742.5934986973
0.6,195.27653228267155,614674.2102673694
0.6,256.34857825187333,544123.106921517
0.6,188.78592066866153,633868.0975334134
0.6,188.85991523599407,633015.8597971087
0.6,257.87513677762166,543464.1800189798
0.6,200.00048916045245,604509.0378889443
0.6,249.4185705737677,548124.8454627396
0.6,262.29110266277456,541322.1726671108
0.6,216.63345112496975,580722.6965265139
0.6,262.76173293364604,540920.9332835332
0.6,256.74575703141375,544095.9518131944
0.6,247.96592866645116,548733.1330057518
0.6,222.71580653580165,572779.2048932542
0.6,272.7872654044631,536916.3837010276
0.6,248.5775468435397,548638.8269468568
0.6,263.68730994027874,540825.8875124382
0.6,194.3546954826037,617682.5836624184
0.6,217.7988060810082,579339.8844839432
0.6,235.2494058276915,559684.5125080188
0.6,237.95675791743656,557536.6535706462
0.6,193.93214691394232,619387.0661582997
0.6,192.91828950368037,621195.2159230597
0.6,239.9278799716897,555348.9811506508
0.6,211.6898657108797,586771.9796901974
0.6,275.8150573091322,536070.9920015795
0.6,230.26696837070548,564833.2218793666
0.6,215.875269450959,581470.8539300533
0.6,194.35970418974696,616853.150517564
0.6,212.22243396659186,586623.6860158341
0.6,268.414463542998,538471.2842298767
0.6,187.15123997734773,643052.3375786766
0.6,235.6656826458125,559440.6041610267
0.6,193.54413870741018,620000.2891422308
0.6,203.6832701897671,598449.6259331212
0.6,227.88797837365823,567372.990861895
0.6,208.5202687360886,592192.3740154041
0.6,254.72660203651114,544808.7957324205
0.6,255.4348381099579,544562.6374273363
0.6,257.42153618225666,543675.4929315519
0.6,275.3401413672651,536240.4869646981
0.6,211.21597454257164,587560.0905812352
0.6,198.45762195921324,607462.6226054443
0.6,218.06905457660872,578704.281498005
0.6,214.96962771881584,583115.841830479
0.6,189.4608985930182,631598.6162688903
0.6,272.58495028063703,537120.0980654861
0.6,246.64412066462538,549852.0325252411
0.6,227.0401405761847,568032.8251554492
0.6,267.8038430292849,538927.8492084857
0.6,254.61767943461487,544977.7462020817
0.6,205.3126664520407,595629.8414195878
0.6,191.19428784387492,626336.5559235391
0.6,223.6363239304829,571886.6944330707
0.6,237.21794610646023,557942.0894775926
0.6,234.5046211264472,560398.2741210074
0.6,191.61615585393832,625354.6712706255
0.6,246.9784784158794,549483.4988594771
0.6,203.44625940337727,598818.826787137
0.6,227.44307907472944,567649.085384097
0.6,213.34554130179907,585217.7114070649
0.6,198.17808296915354,608430.7792412282
0.6,197.80533612145885,609344.1578713129
0.6,268.8313717981594,538283.518877896
0.6,198.3604654299883,607918.2808925433
0.6,226.11824990765868,568917.8402438187
0.6,191.4980090817109,625897.9624072927
0.6,210.3238764244699,588892.4119443583
0.6,215.97903681362124,580766.8233000932
0.6,215.98678435167452,580761.7608762495
0.6,206.5327568309245,594315.2870253372
0.6,189.60925728870544,631085.1287343081
0.6,256.9174607387694,543850.4375196125
0.6,228.89408601067043,565880.7698210357
0.6,267.2787663902324,539042.223331448
0.6,213.14256141418238,585641.6803642804
0.6,253.81617034587754,545249.3313282954
0.6,218.69233963133678,578178.527764108
0.6,275.19151413133636,536320.121968552
0.6,266.70793078882025,539276.9607319148
0.6,192.4911656899396,622412.820989951
0.6,273.2039110184128,536910.392826936
0.6,208.9100053530645,591290.198723999
0.6,259.01485148608896,542937.5662992888
0.6,220.49641073326586,575555.1634480248
0.6,237.61469213595365,557791.2527368576
0.6,229.1803827545463,565814.6563232476
0.6,198.10216047419559,608469.281128346
0.6,197.28282862878848,610052.1207549544
0.6,213.4040246547718,585090.9670087751
0.6,220.26347701002484,576047.8375514247
0.6,273.35238311682076,536797.3507206405
0.6,200.61670534195719,603383.4020847316
0.6,200.63643761266812,602975.0474530822
0.6,240.24421122949195,555005.8659017871
0.6,257.1010366440255,543701.0004863092
0.6,259.3969942679631,542821.437842536
0.6,222.11426842118792,573111.669827453
0.6,251.11530165415058,546826.1368893401
0.6,246.66824289887447,549801.0958688941
0.6,229.66193102795427,565192.0876921098
0.6,238.1960450847487,557189.0781811337
0.6,228.5010568218861,566787.7440543057
0.6,268.3005625686459,538562.0748778426
0.6,230.8610872322028,564317.2629542772
0.6,243.61019682849278,552551.396614764
0.6,191.728487492746,625258.7459815365
0.6,257.65219389761893,543467.6921931617
0.6,194.17723533720937,618002.6290016532
0.6,273.74140694414206,536767.905067977
0.6,231.40689034589195,563719.3401766617
0.6,194.0801242440369,618228.1907873244
0.6,256.06788878943615,544279.0170821331
0.6,187.9424626230597,638782.7642406066
0.6,220.84566206821643,575363.5833295974
0.6,190.03229624657504,630862.7783418269
0.6,233.10257053313194,561857.1052066961
0.6,189.70992958310316,631068.5703958384
0.6,244.21967277803384,551625.3517982177
0.6,238.44356629975462,556978.2209449662
0.6,219.74036188369737,577057.4409395686
0.6,242.12513140846676,553338.8945196259
0.6,209.17512329225056,591160.5198275335
0.6,254.2804007892477,545148.502529471
0.6,235.07764385515702,560063.9252129028
0.6,201.73110731209846,601649.9055414643
0.6,267.0939709383967,539188.472594212
0.6,226.58564344771122,568500.3737440875
0.6,225.85316671916348,569116.5798094198
0.6,201.6099660575203,602157.4486906596
0.6,243.23695755967304,552578.8554959523
0.6,239.6579077086286,555715.2530050164
0.6,203.2076694871822,599164.7828249512
0.6,209.8898235251318,589431.7898333649
0.6,218.06670075387083,578969.1420192842
0.6,217.90307460217784,579203.9182465918
0.6,193.46740678868971,620123.8838039491
0.6,264.2698916804643,540413.3260573903
0.6,198.77970093219523,606756.3654309951
0.6,229.29196466512548,565564.0159066378
0.6,214.22982848400946,584118.0507758784
0.6,215.78230844249936,581984.3065687775
0.6,267.9849428211784,538714.2943934378
0.6,254.19360744115258,545187.0104470337
0.6,219.9129900622088,576775.7174528698
0.6,210.16914810803397,589329.0712484509
0.6,190.74252217141458,629576.9271473396
0.6,239.4803372563914,555791.6982056778
0.6,205.489465570349,595365.4853883362
0.6,248.91590504278952,548435.4714815358
0.6,214.68499278962426,583583.9283452798
0.6,224.99147648900788,570004.8744299293
0.6,194.78343518759957,616095.9418433335
0.6,253.25526903804405,545677.2083626611
0.6,233.48396969393843,561261.7725170581
0.6,265.8951619076778,539660.8118672909
0.6,203.31928016544455,598877.9419348252
0.6,258.8668364659155,542979.6327853736
0.6,237.58852739627474,557889.6476031583
0.6,216.84624454587907,579985.1734233615
0.6,239.29520133352318,555942.8992253672
0.6,266.29304518213667,539524.106428998
0.6,223.4714121152618,572177.1861299202
0.6,263.965599558313,540547.6280368471
0.6,193.1148947312658,620541.6621269595
0.6,193.362324770684,620470.438673012
0.6,213.57013082102907,584692.4204836594
0.6,225.12611037395206,569821.9720648235
0.6,210.17103734877125,589111.8787781697
0.6,253.65120229763235,545352.1802214063
0.6,248.64112214682922,548593.1743768638
0.6,253.005537131472,545779.7620931243
0.6,230.40347838956524,564572.2137542719
0.6,202.16997396433234,600664.434664041
0.6,225.67114444564834,569410.7348776439
0.6,261.67731205658583,541513.7313091999
0.6,272.31485833942986,537235.7026174933
0.6,234.41705486101506,560479.8015838306
0.6,231.51727885609955,563342.2782803401
0.6,261.90170283079414,541411.512196003
0.6,240.92751763170875,554345.7912320527
0.6,197.49828446782917,609814.3713559967
0.6,235.1356772566349,559753.4534648155
0.6,211.05520825207847,588481.0136040993
0.6,200.7815950079345,602788.9445023803
0.6,217.1510397902685,579981.5828921761
0.6,214.46661375436997,583702.2345475908
0.6,240.7429743394075,554516.8025742855
0.6,222.05122647919328,573490.6854655875
0.6,249.17303428114337,548210.902472786
0.6,190.6968279712567,629657.2304442013
0.6,226.35971100134654,568883.2683390065
0.6,222.89019465666553,572769.5947462671
0.6,241.70503603699396,553921.8753595427
0.6,229.82981939759998,565126.4218386229
0.6,214.1363517953853,584450.2787666735
0.6,240.71235042855562,554664.9948669327
0.6,252.3630385036979,546089.3423593835
0.6,226.83521938422186,568287.3571242747
0.6,260.13211889747055,542311.47420682
0.6,262.5752693292358,541245.6301123473
0.6,258.54179360658566,543115.2847383239
0.6,228.78609449196622,566161.8621459247
0.6,261.49358006152346,541836.1852413971
0.6,221.57148726813432,574345.993978624
0.6,236.52427183555295,558957.4299203063
0.6,197.70715853599577,609733.0920129195
0.6,242.43852659615993,553249.7174546329
0.6,250.80004992896602,546951.6047955045
0.6,261.53047318190016,541705.9154470604
0.6,231.74979105301713,563253.9817759624
0.6,187.30048528546186,639234.5030248774
0.6,232.0628031325778,563119.0517617762
0.6,227.71442449142017,567472.877650277
0.6,194.30389550321885,617744.6767343655
0.6,244.18851937781307,551879.0137061994
0.6,261.1914239680544,541845.6520470425
0.6,190.9453987311371,629304.0448090713
0.6,241.5407096859581,553987.8818849786
0.6,255.72495681528983,544511.5739693826
0.6,234.2779639184751,560726.0482742538
0.6,258.58519305540534,543048.9514697796
0.6,233.08344989441423,562145.9775599139
0.6,217.2897235613647,579815.8682355183
0.6,240.52638205636762,554861.8393998778
0.6,260.3566773161425,542287.3633893796
0.6,215.7965641120441,581889.9227601123
0.6,229.41636365611504,565398.6877915459
0.6,230.0389124732742,565063.4375291527
0.6,224.8723186971709,570155.3389748463
0.6,233.7980971027646,561250.9321120414
0.6,255.9037433065441,544330.2486815995
0.6,223.46867646154797,572309.8588623372
0.6,226.81511760442535,568327.498091062
0.6,212.89571708210147,585807.1482858098
0.6,231.80383881419874,563150.5537604804
0.6,225.81498229841165,569266.7669659005
0.6,215.82899439935892,581515.6183109973
0.6,236.28736312728876,559138.025262442
0.6,251.98735589665785,546291.6480335185
0.6,266.5501253967479,539340.3577941281
0.6,227.351269640938,568031.9063498876
0.6,236.00368495797792,559141.8994494175
0.6,260.8310515982948,541967.3093598187
0.6,250.96738110004554,546884.0246471132
0.6,232.14204050899596,563023.3016665347
0.6,236.69820201719585,558855.7752057239
0.6,197.78538909642558,609614.5002515985
0.6,224.2599001642116,571062.1055812385
0.6,214.23810521761166,583894.8167064544
0.6,223.76599854777382,571656.0310657908
0.6,245.95564378764234,550175.6752524666
0.6,209.44502104995868,591065.2566243168
0.6,197.3083590784086,609837.5850289426
0.6,266.47907841211367,539509.6786132827
0.6,259.95446608257106,542510.4906773812
0.6,212.73514961403362,585816.4331047579
0.6,263.7885296109854,540600.2274020421
0.6,227.42153085523753,567986.7447743984
0.6,214.05130526352164,584470.8332916899
0.6,236.98643309587487,558398.7183301492
0.6,216.8374535992006,580233.0432950859
0.6,272.2097293869008,537269.4283622449
0.6,212.54326326382386,585997.1894828859
0.6,193.07033319283875,620930.5274137718
0.6,236.87673906363938,558454.284360385
0.6,240.09863908938388,555130.6491185222
0.6,205.32950781553282,595600.3905596384
0.6,187.28646676658698,641755.2947694999
0.6,259.7394924708336,542597.6529485752
0.6,207.1468907102395,593065.9878828959
0.6,201.0283718411592,602497.3476705194
0.6,214.33016646826334,583734.5902360135
0.6,266.021536487862,539581.6486103234
0.6,220.6437746236148,575441.1484014746
0.6,268.8922822214182,538192.8567883791
0.6,224.82654428126477,570327.7763415079
0.6,214.79399077586658,583452.388566081
0.6,201.1803658191361,602360.875377725
0.6,213.0285332949105,585657.3746284742
0.6,190.14303927675996,630852.2109456281
0.6,212.32055341177337,586459.9792357855
0.6,203.01855397002592,599219.6522722925
0.6,209.46945605093308,590816.0363248443
0.6,264.3565065009853,540334.4450531937
0.6,220.10733140285313,576554.0279637566
0.6,242.66417266907442,553037.8729693501
0.6,219.99474499980303,576701.7025232606
0.6,210.949783904602,588551.5388444235
0.6,243.21075594321326,552777.6533956641
0.6,224.45545906776061,571023.1392301824
0.6,243.74910754185166,552437.6032047619
0.6,209.02411659441015,591281.9727102873
0.6,198.45597872743465,607672.5422914831
0.6,239.26119172007765,556154.3870586654
0.6,247.1853558639593,549339.9230528041
0.6,241.09365464740316,554342.2127780276
0.6,202.97962485302816,599351.0498581848
0.6,193.07215182206716,620893.8575513167
0.6,200.8981903908509,602706.641311455
0.6,234.11913006860362,560968.6552078781
0.6,232.1816300860015,562754.6963975276
0.6,234.20639264765276,560754.7412958727
0.6,237.14704250274937,558230.6144656544
0.6,225.46895992961893,569584.3329741926
0.6,241.80052474858823,553731.2990767796
0.6,224.52287410812025,570740.178234459
0.6,230.46226564439462,564462.9372504582
0.6,220.16276307534673,576364.8207885285
0.6,243.87283526265585,552258.5005366864
0.6,233.80704139723122,561126.4360610568
0.6,240.02636391685132,555221.2953195801
0.6,252.60908918293146,546056.662033641
0.6,238.58804702717734,556935.0782068991
0.6,236.708302552661,558545.6853596044
0.6,240.5461052771337,554847.2208667123
0.6,252.0942719144969,546149.5828828181
0.6,189.41466408443685,631743.5969643504
0.6,213.88610770477908,584639.66239483
0.6,253.53531594962035,545528.6402629036
0.6,212.4639333550284,586266.8055999097
0.6,225.56889296152713,569574.1668071027
0.6,191.36452505976953,626189.4128656585
0.6,220.22921746104535,576097.5788270342
0.6,223.2385643643805,572413.9820025709
0.6,233.99670566912178,561065.3739840474
0.6,213.8609360943921,584661.2314174997
0.6,232.28514448659095,562626.1246842099
0.6,259.9955162435588,542412.7162745021
0.6,241.84188438492276,553656.4188166033
0.6,262.6150139542353,541102.0401019203
0.6,212.60810911226764,585953.2048092079
0.6,218.8325571208923,577901.7754777615
0.6,226.549791745787,568722.6575918642
0.6,242.6290915745526,553142.3555996445
0.6,238.61905147522202,556767.9937228546
0.6,218.72650400325668,578049.3044216889
0.6,252.66203404191376,546029.3853703904
0.6,223.86430829283333,571441.8789560912
0.6,210.3214056712254,588892.545377057
0.6,209.88254078663718,589683.758324695
0.6,242.0566809569027,553627.948138891
0.6,260.9956367585072,541916.4660891462
0.6,222.99854909127265,572548.5615471562
0.6,221.82478104037045,573636.3650179787
0.6,255.75473008646298,544419.474266815
0.6,232.71584055038343,562255.4749287
0.6,190.16890377351532,630564.224955848
0.6,247.07044548942312,549419.0883374277
0.6,244.05138371102313,551956.0643005816
0.6,238.9504821677027,556590.1450250726
0.6,233.48672772102879,561258.8557255855
0.6,223.03425364538512,572542.9914634464
0.6,226.51538421433625,568826.1189990913
0.6,221.80609707562886,573845.7582141489
0.6,241.37911951417,554154.6619281392
0.6,252.8945632728323,545994.5947207039
0.6,252.19395137307623,546120.1551646998
0.6,195.26539078275994,615010.0815441177
0.6,242.95041090037842,552824.6518654851
0.6,213.58447428048413,584688.3798278476
0.6,253.42221450943975,545647.1432700104
0.6,221.71204538787438,573890.0988506537
0.6,193.92390797318166,619387.9564342937
0.6,235.82232917187744,559279.5651190198
0.6,237.96422186582055,557270.6677210727
0.6,225.28219148526634,569657.7035248291
0.6,249.08326324840687,548296.1882738676
0.6,189.40703339069015,631955.5265442812
0.6,223.21874421477617,572423.4492091463
0.6,231.5085754031821,563562.295194935
0.6,221.58799671362374,574216.2776365583
0.6,232.62958120525818,562394.7922272887
0.6,259.648805253283,542612.9956223997
0.6,223.99843001167528,571239.7320694397
0.6,242.11005114145783,553580.0618820098
0.6,193.26565583215998,620503.5644264228
0.6,243.99785206000027,552141.9538646275
0.6,216.71111838080313,580671.1552482208
0.6,230.8003419795594,564363.6268908929
0.6,216.7630371489186,580375.2618578363
0.6,200.91403239877593,602508.2612897241
0.6,212.4407326010388,586293.466829349
0.6,232.5029473320668,562535.853846854
0.6,223.9676465532391,571379.1963143849
0.6,224.52207036898085,570927.2524975396
0.6,243.04606624061694,552800.5665464976
0.6,238.0026604141418,557212.4954002835
0.6,237.11852703398665,558255.6378239588
0.6,241.4301375560775,554120.6497599817
0.6,201.44963318226075,602201.2401898836
0.6,198.41649990494562,607862.6320448177
0.6,214.8971540687379,583375.905043025
0.6,216.71244976543724,580449.2435348434
0.6,235.9266187956213,559208.9744783416
0.6,206.5539052697177,594300.4427966407
0.6,219.63530327214045,577168.0991890458
0.6,232.4619591298183,562556.9718632698
0.6,191.20614489711085,626270.2521626218
0.6,225.25186173078882,569699.8607662625
0.6,235.72241243432302,559341.836187548
0.6,260.69942163755303,542065.5416533381
0.6,245.98882158519874,550107.1950899244
0.6,209.49441702721862,590585.6049806612
0.6,195.2446599483119,615021.0186590386
0.6,219.5566049321338,577190.8234378998
0.6,248.9827224613942,548358.1925042073
0.6,201.32751020447236,602236.50321818
0.6,232.8749598132068,562215.8624328504
0.6,242.4628076954628,553203.2549175912
0.6,260.69652081152776,542153.0616305433
0.6,261.85387751220344,541492.8793027229
0.6,217.20390935810858,579837.7766894987
0.6,223.81942080602852,571604.4773672528
0.6,243.79098128206877,552318.2032384848
0.6,228.6869988054232,566440.1585511237
0.6,232.9266270173878,562172.2126607336
0.6,238.90241239878398,556634.1118948663
0.6,236.7068985906197,558671.0556196237
0.6,228.55077767109069,566548.4421227183
0.6,260.5089198248741,542170.848489115
0.6,259.4826300855751,542658.6663569221
0.6,230.02649151072166,565064.2883048321
0.6,242.9169732190873,553033.1877854883
0.6,229.4077419222794,565407.9032579935
0.6,239.00824861846712,556369.5401984304
0.6,227.71780402606544,567447.234001756
0.6,203.79611265422787,598327.2890130477
0.6,261.0848447316571,541873.7692676028
0.6,191.47274762805162,626027.2253933765
0.6,267.9213808691573,538769.7429908358
0.6,201.21695860932465,602260.8911915855
0.6,236.34737805183823,558978.1338759202
0.6,239.19361941720769,556318.6478081435
0.6,260.4901100002402,542221.1320261497
0.6,267.83513870350447,538836.1287683332
0.6,224.18907234767818,571206.6175367564
0.6,228.5445915684122,566769.0975324676
0.6,267.1956622059459,539148.1870507603
0.6,214.91782667202372,583242.644834777
0.6,221.92736960965655,573594.0322580923
0.6,241.21077622059894,554244.0593978704
0.6,191.37797009788312,626060.2317316788
0.6,239.65092616587006,555721.8638153682
0.6,224.74288773303664,570464.9781258234
0.6,224.6114405109932,570606.3923272073
0.6,208.46185782475018,592317.2622969027
0.6,212.22774031577765,586498.3082018958
0.6,231.4174718919719,563596.7374287893
0.6,209.44583225419206,590988.5651573777
0.6,252.97434902030315,545946.9836498705
0.6,218.82024695109519,577924.1859607145
0.6,239.02000787095938,556360.5509650579
0.6,228.62591290927347,566547.969862461
0.6,238.79207451918214,556720.1995948814
0.6,263.90854579519925,540599.8136981362
0.6,259.4475490772808,542685.8970083563
0.6,220.5614187998594,575487.4716015845
0.6,224.14229993441788,571219.2957809155
0.6,230.61823298722055,564390.4227124716
0.6,230.61153641193067,564396.2614687661
0.6,275.26336399892193,536303.2971981881
0.6,238.76582789107854,556741.3951388262
0.6,224.70928639090204,570471.559050208
0.6,220.13838563294235,576415.4753664567
0.6,253.5169502600235,545610.6523889571
0.6,247.94160991212937,548829.1847272783
0.6,232.26846649378345,562736.9123635051
0.6,228.73682255783507,566353.3301878027
0.6,222.01696496856673,573573.5952429506
0.6,224.6334452126091,570588.5556417721
0.6,221.64194181858593,574030.7299320246
0.6,209.51836280981152,590527.4220206295
0.6,228.76321009800773,566278.5406373397
0.6,221.6238495121527,574035.0783223407
0.6,244.04646736666822,552099.9949088227
0.6,242.91918488151504,553031.4625099837
0.6,239.1972987017673,556273.7331472159
0.6,234.06775096894174,561026.5306679512
0.6,232.66338851754537,562357.0294593307
0.6,241.2100851438494,554244.650320296
0.6,201.58468297184788,602186.2744277534
0.6,208.39925856905035,592329.7320093411
0.6,269.8629172253377,537869.5969940939
0.6,265.97252339586356,539604.6891781233
0.6,236.33186349995344,559026.6888919247
0.6,191.7009005518512,625270.5618417353
0.6,267.2355584739645,539062.3890361285
0.6,262.5987602791696,541137.3630688568
0.9,191.79999528005655,523054.74578067235
0.9,181.7972069762814,537945.744719387
0.9,183.64948597418112,530339.9570311836
0.9,181.42481450617518,539269.0308803229
0.9,191.84446932873416,523032.60759187664
0.9,195.30550156393878,521864.74500469846
0.9,181.94141630655298,537636.7778292489
0.9,197.46427512723557,521348.63604374987
0.9,183.360719296033,530690.7602337269
0.9,192.97455572716873,522625.0212337293
0.9,193.2212764961878,522534.3549866363
0.9,181.95072224148123,537607.948095361
0.9,193.00278135031786,522601.3640826029
0.9,195.4365244211235,521842.08096632315
0.9,198.08952283249246,521220.54130974144
0.9,183.70347087165345,530172.3848760163
0.9,182.63811532909634,532263.6155499681
0.9,181.753304787889,537979.0834537437
0.9,181.43009244192598,538877.2362981124
0.9,193.20220464170376,522568.248270495
0.9,199.6324587104594,520913.91504248173
0.9,189.52835994531554,524059.6214997772
0.9,198.94199453844024,521027.5281482098
0.9,182.67467738509973,532197.0765301154
0.9,195.145670291489,521908.75346398953
0.9,185.95279510124203,527245.3178116592
0.9,192.01479333515493,522891.9808008217
0.9,191.85366531618575,522930.86835228646
0.9,202.15131777255553,520322.2595024169
0.9,185.9266649503294,527386.929206403
0.9,185.82062063392593,527471.0758800211
0.9,197.8167821270888,521255.4821310109
0.9,184.3362530338424,529107.9809752576
0.9,183.67168862889906,530321.2357367562
0.9,181.86519703302565,537679.2526456835
0.9,197.41980708892228,521370.7277592222
0.9,194.02963219511656,522100.85216735105
0.9,193.19883013006438,522573.7075010516
0.9,195.88902821040705,521747.14723365346
0.9,187.47229271167453,525911.6552628225
0.9,188.7964687129605,524779.1037478959
0.9,184.35136606291502,529104.1014273693
0.9,196.4416607969131,521476.3515680283
0.9,191.1253727242117,523282.2188281971
0.9,193.27564372126383,522408.0795757577
0.9,187.42106531518976,525912.2559981646
0.9,190.20513414946987,523623.3096676852
0.9,187.79776549642628,525577.1672754103
0.9,191.1441106706087,523272.46373990923
0.9,184.32460622241305,529179.2703513218
0.9,182.79014415070284,531865.7151690419
0.9,185.1229129220839,528180.6105473083
0.9,195.75381899672766,521774.9031825288
0.9,193.11830507113746,522594.3028516309
0.9,182.4901418346028,532628.1373657903
0.9,195.91194294135772,521687.93523443537
0.9,200.19480761421562,520740.7770157823
0.9,181.7972534789815,537918.7921821529
0.9,187.51821718350965,525871.2677461097
0.9,188.63345925040227,524779.338817711
0.9,185.97389108878568,527213.639247052
0.9,198.46338065442012,521147.36811967567
0.9,185.93355578716472,527369.5810136636
0.9,193.66872083703026,522328.69314631855
0.9,182.8547093660578,531739.4196944598
0.9,193.67395709515336,522269.2298122932
0.9,182.16799539548794,533967.4203089823
0.9,196.29399199187932,521564.6512641536
0.9,183.05449476244047,531022.8812674171
0.9,188.95617649444057,524630.9655967876
0.9,195.90767403332615,521699.244319233
0.9,193.95347423192945,522130.9243298672
0.9,200.21631196704328,520740.1489939232
0.9,189.80085690079716,523820.4659081383
0.9,198.49563816116716,521110.91770005634
0.9,186.21703428868906,527048.5493134675
0.9,193.20491289030204,522555.96196039405
0.9,209.36627230884832,519577.14853399433
0.9,182.9604649705233,531176.0634778048
0.9,189.67959709156062,523984.18213522783
0.9,186.21058114658067,527051.2889415338
0.9,184.24464567601774,529205.8156743543
0.9,189.30654224200327,524209.25576337107
0.9,188.38421209851967,525037.6445373159
0.9,181.50152857176803,538726.1588644086
0.9,196.84922550630117,521430.2400973797
0.9,193.9528369518906,522130.98092124943
0.9,205.84778120255103,519864.555000045
0.9,192.61914864979414,522643.356483549
0.9,214.83011396075005,519229.08860058506
0.9,184.49836961135665,529005.0560159324
0.9,199.9426111355023,520747.9885308378
0.9,187.8711821918744,525353.1013796323
0.9,191.80473505179881,523048.66900464566
0.9,205.9496016594717,519861.851385525
0.9,182.78466542984967,532040.54358568
0.9,191.24866695719095,523144.66091478633
0.9,213.17429294283048,519316.8416043052
0.9,199.88910092683224,520884.00718943507
0.9,186.71522397639268,526574.6012412286
0.9,196.36077544981683,521538.1490292328
0.9,186.39784214573558,526906.2626599981
0.9,202.6840605514076,520177.97906999825
0.9,187.07884585540918,526147.3254353772
0.9,197.8196734858314,521251.79256664694
0.9,192.09218914247072,522840.2777751719
0.9,214.84712968629702,519209.5043430736
0.9,192.06400267227997,522889.5604332858
0.9,209.40445740526934,519570.10881430935
0.9,191.77430537682713,523068.5913958718
0.9,186.65100419433892,526586.6769100525
0.9,188.44796477774898,524983.3838736283
0.9,181.60313754148515,537990.7158748008
0.9,185.77446227787954,527577.5826255227
0.9,186.98296923559678,526397.0642566443
0.9,186.23055069378856,526938.1012488734
0.9,194.35350634164536,522058.3019948103
0.9,189.1120295566107,524508.3390489137
0.9,182.30507823272265,532770.7486179285
0.9,198.0211289078568,521230.56470825244
0.9,193.55258633167233,522343.74988887354
0.9,185.77085768603217,527615.2945877429
0.9,185.49197074782336,527723.7892696306
0.9,183.60293518054445,530362.4615910964
0.9,187.6405815421155,525710.7716401443
0.9,202.92319955576684,520100.91219765204
0.9,190.20889105563296,523620.27682658564
0.9,188.33703332222606,525199.5665567187
0.9,188.10162931656578,525302.6120851787
0.9,210.36832500923248,519513.10069511237
0.9,183.95899509437314,529638.213239768
0.9,194.93344127120457,521953.0445822025
0.9,195.60040067104458,521822.88936874195
0.9,187.09190603193528,526047.5877408936
0.9,192.279010248217,522755.03869280615
0.9,194.2452001175474,522075.66104586696
0.9,187.77502328225398,525681.3547723631
0.9,190.62536733031757,523377.1665401531
0.9,188.33249039087625,525200.5589055852
0.9,209.1608103881509,519602.5451032503
0.9,193.69727689037512,522225.8290679399
0.9,196.25653953836184,521624.48975873605
0.9,202.56270685289974,520239.2479081689
0.9,189.70681549076846,523969.0885141657
0.9,205.9716342431384,519821.36596350244
0.9,198.6637665162537,521049.73544820945
0.9,185.43416838135684,527890.0390107019
0.9,203.18065529403336,520042.213789867
0.9,209.61624232645752,519544.86678081274
0.9,190.1885840137904,523719.22996509325
0.9,194.3522513253065,522059.6362623075
0.9,188.47882891553033,524892.2128436952
0.9,189.04402897510832,524619.8292208519
0.9,201.98997610100795,520354.1633526995
0.9,188.2430279170426,525243.4502328751
0.9,182.0962775083575,534050.3463322027
0.9,184.99289886941446,528363.3331620173
0.9,189.77615696174766,523839.3911896161
0.9,182.4881533744736,532632.7854469332
0.9,183.96989085487235,529484.5925500651
0.9,187.98469362181703,525307.0822004942
0.9,181.96337821578538,537527.3467766916
0.9,205.2347271536591,519928.13049443084
0.9,203.33208417397282,520025.82214492554
0.9,189.11160554617032,524508.9617243656
0.9,209.42205578590452,519555.5826970127
0.9,199.17219368424702,521005.58254975284
0.9,186.77208228400767,526442.5408242504
0.9,184.05460518548162,529439.2995232542
0.9,182.1870880119035,532824.8773061899
0.9,189.27796317496896,524233.9317931285
0.9,187.57166214075127,525829.0241474812
0.9,202.44701869244923,520267.26730470586
0.9,210.38761367648067,519510.93711220025
0.9,208.43643595884058,519613.7796381669
0.9,209.17268547545385,519601.2685892512
0.9,199.63544123591126,520910.90512230457
0.9,199.37402462584137,520967.16319210606
0.9,196.28669102312026,521621.49680715695
0.9,190.4630567027754,523478.0469156015
0.9,216.6813343220095,519124.3465883544
0.9,193.18927497335451,522577.5620765514
0.9,190.01171580311873,523771.99386663275
0.9,185.81524452724992,527473.5273250948
0.9,189.14083165030107,524500.0644703829
0.9,181.80935716464174,537840.0601551835
0.9,185.27422344215535,527980.2479214864
0.9,186.02744893604626,527129.6297004195
0.9,181.76934770054714,537970.6590935842
0.9,198.44474830565647,521148.75655485905
0.9,184.4240494725303,529020.0331751815
0.9,188.8961901634045,524645.9200512393
0.9,212.27742795378154,519356.87702202983
0.9,185.02129184300605,528220.1568642851
0.9,205.70299049467522,519870.62505400483
0.9,191.25774727504557,523139.928745897
0.9,214.57422296651515,519239.779512352
0.9,183.30000052532534,530853.0691329015
0.9,196.97076434132657,521416.7526974567
0.9,201.90963307451315,520372.2658859695
0.9,202.32456044956973,520285.0359993068
0.9,186.9873456614211,526254.1256487619
0.9,182.81392536536663,531861.8610104565
0.9,196.38632162593981,521494.8644046798
0.9,187.63588873948106,525715.1420268769
0.9,202.46210268103516,520253.5467018121
0.9,217.3681306639931,519065.27283950214
0.9,199.20567922106414,520998.8218509963
0.9,206.0697187351146,519786.9956049735
0.9,216.6269345075089,519140.3349530867
0.9,202.57457710183235,520234.4627389575
0.9,202.2565779841976,520316.3400553153
0.9,183.48941173744663,530373.0743838737
0.9,189.86238560750607,523811.9785731252
0.9,208.43703735589165,519613.72817426606
0.9,210.38918660246156,519509.3216049067
0.9,211.64543490186665,519420.94534907624
0.9,190.34051979651295,523496.92990965606
0.9,199.33781642177917,520974.8394533452
0.9,206.9371016483185,519700.74812330364
0.9,206.74637768335486,519735.0015399788
0.9,212.79361947397643,519333.825821514
0.9,192.4388135326209,522718.2846861206
0.9,205.35706704195715,519879.1846079364
0.9,200.32047211010052,520737.2941983689
0.9,197.34709287918736,521371.3452136292
0.9,216.6815625504333,519107.85452963284
0.9,211.6064029579395,519456.23011776153
0.9,185.64561903799822,527634.3728245074
0.9,197.30347329346876,521376.5414907551
0.9,193.72829743612857,522141.9831320002
0.9,185.9220014313508,527392.856976293
0.9,215.1417541885263,519167.76467587147
0.9,213.62386571801454,519300.01961387834
0.9,184.35515590710241,529049.4696841931
0.9,183.73025722984394,529970.4285555211
0.9,186.53218490270535,526719.9718286024
0.9,196.96184517522877,521423.1266231064
0.9,185.59728016176402,527641.6564622908
0.9,191.30593216519944,523077.7082910017
0.9,202.64455299447005,520186.1034415172
0.9,182.37406453067808,532641.3496377007
0.9,184.53852962009665,528785.5249768025
0.9,199.04782776126117,521009.1433933251
0.9,187.8431978489398,525523.0892370022
0.9,182.49354624268776,532313.0201025186
0.9,212.0956976098612,519404.0259215757
0.9,187.31473746159585,525956.3566266433
0.9,195.91222221623366,521687.6806067546
0.9,194.9655824717485,521909.6356530166
0.9,196.1166867436583,521646.8620957593
0.9,216.2882119969255,519147.6805914671
0.9,183.72742827359102,530124.773571715
0.9,185.19257379560491,528161.4892489021
0.9,214.81254345012383,519230.4858562559
0.9,213.66265822494614,519265.33893973153
0.9,197.09924299058758,521391.61583969695
0.9,211.70517619739468,519415.41288704413
0.9,186.5440956828353,526591.5290223105
0.9,210.98300967644946,519477.48329861613
0.9,206.4615314201467,519763.4221809803
0.9,194.65436848283093,522000.8780551983
0.9,212.1341050703957,519359.31590025744
0.9,189.65469055606516,524031.46812193526
0.9,200.93049487199974,520535.1814452562
0.9,185.28531501874437,527930.0988206036
0.9,183.4062410154771,530664.9247250161
0.9,189.14101493961218,524446.4127616446
0.9,202.79393651440952,520152.8178524354
0.9,184.121414891761,529311.0686350006
0.9,183.84118422203485,529715.9628141
0.9,206.90127709433324,519723.766966918
0.9,213.22619271712446,519312.97574330727
0.9,196.16144963627806,521643.77824197954
0.9,215.9059371297282,519155.3104865593
0.9,182.95952958232203,531176.7337455311
0.9,196.98596227891662,521395.42561299744
0.9,209.28397887068968,519579.9945783711
0.9,181.97726325961864,537479.4712105531
0.9,186.2097389588614,527069.7861705783
0.9,213.2513017467662,519309.9681762619
0.9,185.2141329677926,528086.9005302174
0.9,210.22507250556782,519532.3079403134
0.9,189.65469928767212,523984.20722951123
0.9,206.5293273891078,519751.894725195
0.9,182.0104109146031,535793.7780731217
0.9,209.4755984160455,519547.6273754549
0.9,208.13354371177547,519617.9833650355
0.9,201.8392337108874,520408.1872830853
0.9,190.93938544826239,523342.1896885997
0.9,182.4908165678593,532356.1354758255
0.9,185.47959973768252,527791.4034443165
0.9,203.462919418612,519991.3190152022
0.9,198.69548372394001,521030.0175532663
0.9,182.6929935845639,532060.1239459501
0.9,190.5301861384633,523476.89692948887
0.9,198.22485277486334,521150.5817139051
0.9,188.25074649998476,525226.9862850283
0.9,193.7037910202916,522175.8993505218
0.9,212.45849770773088,519346.90658612386
0.9,210.9943787400506,519468.5262501269
0.9,183.4181641199326,530466.015225036
0.9,206.65615571246846,519750.1633950915
0.9,214.88220524955227,519201.5397576525
0.9,201.74477684089817,520441.1238278791
0.9,217.4545987317913,519028.82064132247
0.9,186.209527303488,527070.6429814479
0.9,184.6085207760865,528743.5189342793
0.9,202.5817772846475,520188.9723577269
0.9,210.41545788451705,519486.79093256674
0.9,190.27214207161734,523571.9820985949
0.9,211.92399114289708,519413.79415222176
0.9,195.66840990837642,521799.33404503565
0.9,184.7132544940567,528664.9004273923
0.9,184.78194772128003,528411.9779590566
0.9,183.24269147872923,530898.2535164307
0.9,194.57314953191016,522016.4603835088
0.9,194.78830591831348,521960.02642621513
0.9,193.99697226862847,522107.26096434577
0.9,185.98136410166336,527130.9022379857
0.9,212.6561734759683,519342.05360713066
0.9,211.660323888871,519416.5221302227
0.9,205.00457552536463,519939.62243801646
0.9,204.00778186606811,519959.4451025062
0.9,183.22080323733073,530921.0300436686
0.9,183.30565024319634,530793.7726490258
0.9,203.00244773468052,520093.7454850507
0.9,196.62078696277666,521442.43059678446
0.9,201.10840350596266,520475.5516051523
0.9,213.90485460300243,519255.823125165
0.9,186.3248373083339,526921.8345956991
0.9,213.50038035956823,519303.30821689934
0.9,206.3298300473092,519773.7066049151
0.9,200.40301085351365,520619.9202423893
0.9,197.51552333033266,521275.88468013896
0.9,186.41857513019477,526741.6789967248
0.9,215.25032138924905,519162.11584592465
